,diesel,petrol,location,lat,lon
Adilabad,99.84,111.83,"Adilabad, Telangana, India",19.5,78.5
Agar Malwa,94.89,109.7,"Agar Malwa, Madhya Pradesh, India",23.9342963,76.14523314122312
Agra,89.8,96.63,"Agra, Uttar Pradesh, India",27.1752554,78.0098161
Ahmadnagar,93.03,106.53,"Ahmadnagar, Station Road, माळीवाडा गणपती, Ahmednagar, Maharashtra, 414001, India",19.074352,74.7219979
Ahmedabad,92.17,96.42,"Ahmedabad, Ahmedabad City Taluka, Ahmedabad District, Gujarat, 380001, India",23.0216238,72.5797068
Aizawl,82.18,95.73,"Aizawl, Tlangnuam, Aizwal, Mizoram, 796190, India",23.7435236,92.7382905
Ajmer,93.44,108.17,"Ajmer, Ajmer Tehsil, Ajmer District, Rajasthan, India",26.4691,74.639
Akola,92.69,106.14,"Akola, Maharashtra, India",20.76181225,77.1921156663574
Alappuzha,97.45,108.58,"Alappuzha, Kerala, India",9.5006651,76.41241428564258
Aligarh,89.94,96.79,"Aligarh, Aligarh District, Uttar Pradesh, India",27.833333,78.166667
Alipurduar,93.9,107.26,"Alipurduar, Alipurduar - I, Alipurduar, West Bengal, 736121, India",26.4851573,89.5246926
Alirajpur,95.67,110.57,"Alirajpur, Madhya Pradesh, India",22.285939550000002,74.35389642980134
Allahabad,90.46,97.27,"Prayagraj, Uttar Pradesh, 211001, India",25.4381302,81.8338005
Almora,90.59,95.66,"Almora, Uttarakhand, India",29.703094999999998,79.43317023326716
Alwar,94.41,109.26,"Alwar, Alwar District, Rajasthan, India",27.5,76.5
Ambala,90.29,97.45,"Ambala, Ambala Cantt, Ambala, Haryana, 134002, India",30.3843674,76.770421
Ambedkarnagar,90.69,97.53,"Ambedkarnagar, Kumbakonam, Thanjavur District, Tamil Nadu, 612001, India",10.95114,79.39786
Amethi,90.13,96.95,"Amethi, Uttar Pradesh, India",26.34738315,81.6238783207884
Amravati,93.74,107.23,"Amravati, Maharashtra, India",21.15454115,77.64429617998744
Amreli,93.72,97.95,"Amreli, Gir Somnath District, Gujarat, 362710, India",20.866667,70.75
Amritsar,87.9,97.55,"Amritsar, Amritsar I Tahsil, Amritsar, Punjab, 143001, India",31.6343083,74.8736788
Amroha,90.13,96.96,"Amroha, Jyotiba Phule Nagar, Uttar Pradesh, India",28.9233969,78.48831693262684
Anand,92.34,96.59,"Anand, Anand Taluka, Anand District, Gujarat, 388001, India",22.5586555,72.9627227
Anantapur,99.42,111.66,"Anantapur, Andhra Pradesh, India",14.6546235,77.55625984224562
Anantnag,85.97,100.8,"Anantnag, Anantnag district, Jammu and Kashmir, India",33.7368773,75.1455138
Angul,96.37,104.86,"Angul, Anugul, Odisha, 759122, India",20.8382426,85.0973949
Anupur,96.16,111.1,"Sub Centre, Anupur, SH11, Vemulawada, Karimnagar mandal, Rajanna Sircilla, Telangana, 505302, India",18.4237689,78.874189
Araria,95.88,109.23,"Araria, Bihar, India",26.26498795,87.37162648106798
Aravalli,92.91,97.16,"Aravalli, Attili, West Godavari, Andhra Pradesh, 534209, India",16.6299629,81.6057455
Ariyalur,95.08,103.45,"Ariyalur, Ariyalur District, Tamil Nadu, India",11.076035950000001,79.11745538182738
Arwal,94.57,107.81,"Arwal, Bihar, India",25.180777149999997,84.65920203021554
Ashoknagar,93.94,108.71,"Ashoknagar, Ashoknagar Tahsil, Ashok Nagar, Madhya Pradesh, 473331, India",24.576189,77.7302895
Auraiya,90.13,96.96,"Auraiya, Uttar Pradesh, India",26.65573395,79.51504701181831
Aurangabad,95.07,108.35,"Aurangabad, Aurangabad District, Bihar, India",24.786306,84.41448983395554
Azamgarh,90.86,97.7,"Azamgarh, Uttar Pradesh, India",26.02269675,83.02887343114848
Badgam,86.97,101.98,"Badgam tehsil, Budgam district, Jammu and Kashmir, India",34.0154721,74.7220085
Badwani,95.22,110.06,"Badwani, Gangakhed, Parbhani, Maharashtra, India",18.8240919,76.7136454
Bagalkot,88.46,102.55,"Bagalkote, Bagalakote taluk, Bagalkote district, Karnataka, 587102, India",16.1853166,75.6967919
Bageshwar,91.03,95.98,"Bageshwar, Uttarakhand, India",30.0084975,79.93004575415591
Baghpat,89.57,96.39,"Baghpat, Uttar Pradesh, India",28.97240405,77.33315284938224
Bahraich,90.3,97.11,"Bahraich, Uttar Pradesh, India",27.7336958,81.47732127661058
Baksa,89.09,97.57,"Baksa, Assam, India",26.6275689,91.33885514581193
Balaghat,96.25,111.19,"Bālāghāt, Balaghat District, Madhya Pradesh, India",21.966667,80.333333
Baleshwar,94.81,103.23,"Baleshwar (M), Baleshwar, Odisha, India",21.495590749999998,86.91676226378776
Ballia,91.74,98.6,"Ballia, Uttar Pradesh, India",25.877932549999997,84.11995931460379
Balod,96.55,103.58,"Balod, Chhattisgarh, India",20.7277192,81.1446947513626
Balodabazar,95.98,103.01,"Balodabazar, Baloda Bazar Tahsil, Baloda Bazar, Chhattisgarh, 495559, India",21.6542,82.1739
Balrampur,97.62,104.66,"Balrampur, Uttar Pradesh, India",27.4504805,82.39541774073132
Banas Kantha,92.38,96.62,"Banās Kāntha, Banas Kantha District, Gujarat, India",24.25,72.5
Banda,90.63,97.48,"Banda, Uttar Pradesh, India",25.624066900000003,80.44804738845679
Bandipora,87.36,102.4,"Bandipora, Bandipore district, Jammu and Kashmir, 193503, India",34.4232433,74.635965
Bangalore,87.89,101.94,"Bengaluru, Bangalore North, Bangalore Urban, Karnataka, India",12.9767936,77.590082
Bangalore Rural,88.03,102.09,"Bangalore Rural, Karnataka, India",13.0010872,77.3361225
Banka,94.73,108.0,"Bānkā, Katamdag, Hazaribagh, Jharkhand, India",23.9802804,85.2906686
Bankura,93.01,106.28,"Bankura, West Bengal, India",23.13195425,87.20739720367507
Banswara,95.17,110.08,"Bānswāra, Banswara District, Rajasthan, India",23.5,74.333333
Barabanki,90.0,96.81,"Barabanki, Uttar Pradesh, India",26.93823105,81.38609761204991
Baramulla,87.13,102.16,"Baramulla, Baramulla district, Jammu and Kashmir, India",34.205005650000004,74.36221081111597
Baran,93.92,108.71,"Baran District, Rajasthan, India",24.92077465,76.68218371245564
Bareilly,89.45,96.26,"Bareilly, Bareilly District, Uttar Pradesh, India",28.416667,79.383333
Bargarh,96.04,104.5,"Bargarh, Odisha, India",21.347763399999998,83.65768298821486
Barmer,95.34,110.26,"Bārmer, Barmer District, Rajasthan, India",25.75,71.5
Barnala,87.44,97.08,"Barnala, Punjab, India",30.3704685,75.504017418548
Barpeta,89.05,97.53,"Barpeta, Assam, India",26.34142215,91.01674328474073
Bastar,98.23,105.29,"Bastar, Chhattisgarh, India",19.11912825,81.82918648971713
Basti,90.13,96.93,"Basti, Uttar Pradesh, India",26.724789,82.79326865024002
Bathinda,87.39,97.03,"Bathinda, Punjab, India",30.17911535,75.04710156312628
Begusarai,93.74,106.95,"Begusarai, Bihar, India",25.5127194,86.09057109140021
Belgaum,88.55,102.64,"Belagavi, Belagavi taluku, Belgaum district, Karnataka, 590001, India",15.8572666,74.5069343
Bellary,89.53,103.73,"Ballari, Bellary taluk, Bellary district, Karnataka, 583101, India",15.1433952,76.9193876
Bemetara,95.88,102.91,"Bemetara, Chhattisgarh, India",21.6783867,81.44125784340252
Betul,94.83,109.66,"Betul, Madhya Pradesh, India",21.8796162,77.87568124563079
Bhadradri Kothagudem,98.86,110.78,"Bhadradri Kothagudem, Telangana, India",17.71534525,80.57149761778712
Bhadrak,95.29,103.73,"Bhadrak, Bhadrak Rural, Bhadrak, Odisha, 756100, India",21.0633288,86.5053731
Bhagalpur,94.8,108.08,"Bhagalpur, Bihar, India",25.2871758,87.13033088387233
Bhandara,93.22,106.69,"Bhandara, Maharashtra, India",21.12304765,79.79390882119336
Bharatpur,93.88,108.68,"Bharatpur, Nainital, Uttarakhand, 263136, India",29.3582395,79.547882
Bharuch,92.74,96.99,"Bharūch, Bharuch District, Gujarat, 392021, India",21.75,73.0
Bhavnagar,93.74,97.99,"Bhavnagar, Bhavnagar Taluka, Bhavnagar District, Gujarat, 364001, India",21.7718836,72.1416449
Bhilwara,93.89,108.66,"Bhilwara, Bhilwara District, Rajasthan, India",25.5,74.75
Bhind,94.34,109.12,"Bhind, Madhya Pradesh, 477001, India",26.5,78.75
Bhiwani,90.36,97.5,"Bhiwani, Bhiwani district, Haryana, 125021, India",28.7931703,76.1391283
Bhojpur,94.65,107.89,"Bhojpur, Rohtas District, Bihar, India",25.25,84.25
Bhopal,93.9,108.65,"Bhopal, Huzur Tahsil, Bhopal, Madhya Pradesh, 462001, India",23.2584857,77.401989
Bid,93.94,107.46,"Bid, Arni, Yavatmal, Maharashtra, 445203, India",20.1478882,77.8803527
Bidar,88.23,102.28,"Bidar, Bidar district, Karnataka, India",18.083333,77.333333
Bijapur,99.77,106.85,"Bijapur District, Chhattisgarh, India",18.7935679,80.815939
Bijnor,89.69,96.5,"Bijnor, Uttar Pradesh, India",29.40604895,78.48087839917878
Bikaner,96.08,111.08,"Bikaner, Bikaner Tehsil, Bikaner District, Rajasthan, 334001, India",28.0159286,73.3171367
Bilaspur,95.66,102.67,"Bilaspur, Rampur District, Uttar Pradesh, India",28.8680526,79.29838501460121
Birbhum,93.58,106.91,"Bīrbhūm, Birbhum, West Bengal, 731132, India",24.0,87.583333
Bishnupur,87.17,101.23,"Bishnupur, Manipur, 795126, India",24.562463649999998,93.8012483746545
Biswanath,89.41,97.87,"Biswanath, Bishwanath, Assam, India",26.7773957,93.25694367444689
Bokaro,95.0,100.21,"Bokaro, Jharkhand, India",23.699127949999998,85.99106894165021
Bolangir,97.17,105.67,"Balāngīr, Balangir, Odisha, India",20.7502257,83.2499464
Bongaigaon,88.55,97.01,"Bongaigaon (Pt), Bongaigaon, Assam, India",26.412376950000002,90.57149765106257
Botad,93.39,97.64,"Botad, Botad Taluka, Botad District, Gujarat, 364700, India",22.1686,71.6685
Boudh,96.67,105.18,"Boudh, Baudh Sadar, Baudh, Odisha, 762014, India",20.8415619,84.3213321
Budaun,89.67,96.48,"Budaun, Uttar Pradesh, India",28.06831165,79.04607312079293
Bulandshahr,90.34,97.2,"Bulandshahr, Uttar Pradesh, India",28.38886085,77.97479772598118
Buldhana,94.55,108.11,"Buldhana, Maharashtra, India",20.53208,76.179911
Bundi,93.24,107.96,"Būndi, Bundi District, Rajasthan, India",25.5,75.833333
Burhanpur,95.55,110.42,"Burhanpur, Azamgarh, Uttar Pradesh, India",26.2697215,82.99442536730413
Buxar,95.46,108.76,"Buxar, Bihar, India",25.562071500000002,84.01567204651289
Cachar,89.13,97.57,"Cachar, Assam, India",24.758639950000003,92.88166475768219
Central Delhi,89.62,96.72,"Central Delhi, Delhi, India",28.69854835,77.2193906890312
Chamba,86.28,97.17,"Chamba, Chamba district, Himachal Pradesh, India",32.518429,76.23086565661742
Chamoli,93.06,98.29,"Chamoli, Chamoli district, Uttarakhand, India",30.5,79.5
Champawat,90.37,95.25,"Champawat, Uttarakhand, India",29.23631315,80.10172076512075
Champhai,83.77,97.59,"Champhai, Mizoram, 796321, India",23.6317319,93.34931854269607
Chamrajnagar,88.0,102.06,"New DH Chamrajnagar, SH80, Chamarajanagara, Chamarajanagara taluk, Chamarajanagar district, Karnataka, 571313, India",11.9269937,76.9424311
Chandauli,89.82,96.63,"Chandauli, Uttar Pradesh, India",25.1265777,83.2496557733391
Chandel,87.55,101.65,"Chandel, Manipur, 795127, India",24.3197442,94.0210988225432
Chandigarh,84.26,96.2,"Chandigarh, India",30.72984395,76.78414567016054
Chandrapur,92.94,106.39,"Chandrapur, Maharashtra, India",20.0967555,79.50454752230621
Changlang,84.66,95.39,"Changlang, Changlang HQ, Changlang District, Arunachal Pradesh, 792120, India",27.1398402,95.7382485
Charaideo,89.26,97.74,"Charaideo, Assam, India",27.06971635,95.06426298389661
Charkhi Dadri,89.85,96.98,"Charkhi Dadri, Dadri, Charkhi Dadri, Haryana, 123306, India",28.5919933,76.2719817
Chatra,96.26,101.46,"Chatra, Jharkhand, India",24.20162495,84.87817691941733
Chennai,94.24,102.63,"Chennai, Chennai District, Tamil Nadu, 600001, India",13.0836939,80.270186
Chhatarpur,95.19,110.06,"Chhatarpur, Madhya Pradesh, 471105, India",24.75,79.75
Chhindwara,94.99,109.81,"Chhindwara, Madhya Pradesh, India",22.139831049999998,78.80964495467987
Chhota Udepur,92.15,96.41,"Chhota Udepur, SH62, Chhota Udaipur, Chhota Udaipur Taluka, Chhota Udaipur District, Gujarat, 391165, India",22.3148736,74.0141067
Chikkaballapura,87.67,101.69,"Chikkaballapura, Chikkaballapura taluk, Chikkaballapura district, Karnataka, 562101, India",13.4358702,77.7312434
Chikmagalur,88.19,102.36,"Chikkamagaluru, Chikkamagaluru taluku, Chikkamagaluru district, Karnataka, 577101, India",13.318014,75.7738743
Chirang,88.51,96.98,"Chirang, Assam, India",26.6464231,90.62415698729875
Chitradurga,89.32,103.63,"Chitradurga, Chitradurga taluku, Chitradurga district, Karnataka, 577500, India",14.2266443,76.4005122
Chitrakut,90.72,97.54,"Chitrakut, Rd, Virar West, Virar, Vasai-Virar, Vasai, Palghar, Maharashtra, 401303, India",19.447019949999998,72.81174059684841
Chittaurgarh,93.68,108.43,"Chittaurgarh, Chittorgarh District, Rajasthan, India",24.5,74.5
Chittoor,100.3,112.66,"Chittoor, Andhra Pradesh, India",13.1601048,79.15555061803596
Churachandpur,87.51,101.61,"Churachandpur, Manipur, India",24.378704,93.69700149533944
Churu,95.03,109.93,"Chūru, Churu District, Rajasthan, India",28.5,74.5
Coimbatore,94.78,103.17,"Coimbatore, Coimbatore North, Coimbatore District, Tamil Nadu, 641001, India",11.0018115,76.9628425
Cooch Bihar,94.03,107.39,"Cooch Behar - I, Kochbihar, West Bengal, India",26.3223696,89.4592445
Cuddalore,96.56,105.01,"Cuddalore, Cuddalore District, Tamil Nadu, 607001, India",11.7564329,79.7634644
Cuddapah,98.51,110.7,"Patha Cuddapah, Kadapa, YSR, Andhra Pradesh, 516002, India",14.4956602,78.8349278
Cuttack,95.1,103.54,"Cuttack, Cuttack (M.Corp.) P.S, Cuttack, Odisha, 753001, India",20.4686,85.8792
Dahod,92.71,96.96,"Dahod, Dahod Taluka, Dahod District, Gujarat, 389100, India",22.8358786,74.2556823
Dakshin Dinajpur,93.07,106.36,"Dakshin Dinajpur, West Bengal, India",25.38703085,88.50471505
Dakshin Kannada,87.31,101.34,"Dakshin Court, NH73, Kaikunje, Bantwal Cross Road, Bantwal taluk, Dakshina Kannada district, Karnataka, 574219, India",12.8827367,75.0309089
Daman,89.86,94.31,"Daman, Dadra and Nagar Haveli and Daman and Diu, India",20.42000485,72.86376290300566
Damoh,94.79,109.62,"Damoh, Madhya Pradesh, India",23.75,79.583333
Dantewada,99.31,106.39,"Dantewada, Chhattisgarh, India",18.8640648,81.38339468738648
Darbhanga,94.65,107.91,"Darbhanga, Bihar, India",26.08314325,86.03257096612822
Darjeeling,94.27,108.02,"Darjeeling, Darjeeling Pulbazar, Darjeeling District, West Bengal, 734101, India",27.0377554,88.263176
Darrang,88.92,97.4,"Darrang, Sonitpur, Assam, 784110, India",26.75,92.5
Datia,94.56,109.36,"Datia, Madhya Pradesh, India",25.75,78.5
Dausa,94.28,109.12,"Dausa, Dausa Tehsil, Dausa District, Rajasthan, 303300, India",26.893342,76.3376514
Davangere,89.33,103.63,"Davanagere, SH76, Davangere City Corporation Offices, K.B. Extension, Davanagere, Davanagere Taluku, Davanagere District, Karnataka, 577002, India",14.4679807,75.9195682
Dehradun,90.35,95.31,"Dehradun, Uttarakhand, 248001, India",30.3255646,78.0436813
Delhi Shahdara,89.62,96.72,"Delhi Government Quarters, Vivek Vihar Tehsil, Shahdara, Delhi, India",28.651677550000002,77.30206988209743
Deogarh,94.35,99.57,"Deogarh, Debagarh, Odisha, India",21.5370786,84.7301184
Deoria,89.81,96.63,"Deoria, Uttar Pradesh, India",26.42384715,83.76273169028727
Devbhumi Dwarka,92.52,96.77,"Devbhumi Dwarka, Okhamandal Taluka, Devbhumi Dwaraka District, Gujarat, 361335, India",22.244475899999998,68.96800187672852
Dewas,93.84,108.56,"Dewas, Madhya Pradesh, India",23.0,76.166667
Dhalai,87.66,98.66,"Dhalai, Tripura, India",23.8253158,91.9732226716333
Dhamtari,95.66,102.68,"Dhamtari, NH30, Dhamtari Tahsil, Dhamtari, Chhattisgarh, 493773, India",20.7084545,81.5481305
Dhanbad,94.6,99.8,"Dhanbad, Dhanbad-Cum-Kenduadih-Cum-Jagata, Dhanbad, Jharkhand, 826001, India",23.7952809,86.4309638
Dhar,94.79,109.61,"Dhār, Dhar, Madhya Pradesh, India",22.5,75.25
Dharmapuri,95.5,103.9,"Dharmapuri, Dharmapuri District, Tamil Nadu, India",12.09680475,78.19304301026716
Dharwad,87.7,101.7,"Dharwad, Dharawada taluku, Dharwad district, Karnataka, 580001, India",15.4540505,75.0066516
Dhaulpur,94.02,108.83,"Dhaulpur, Dhaulpur Tehsil, Dhaulpur District, Rajasthan, 328001, India",26.7010642,77.896749
Dhemaji,89.62,98.11,"Dhemaji, Dhemaji District, Assam, India",27.466831499999998,94.51786508708852
Dhenkanal,95.52,103.98,"Dhenkānāl, Dhenkanal, Odisha, 759035, India",20.75,85.5
Dhuburi,89.88,98.38,"Dhuburi, Dhubri, Assam, 783300, India",26.0188758,89.97932453629173
Dhule,92.54,106.01,"Dhule, Maharashtra, India",21.13170235,74.48990147066098
Dibang Valley,84.57,95.3,"Dibang Valley district, Arunachal Pradesh, India",28.8291044,95.95540957636018
Dibrugarh,88.91,97.38,"Dibrugarh, Dibrugarh East, Dibrugarh, Assam, 786001, India",27.4844597,94.9019447
Dima Hasao,90.37,98.83,"Dima Hasao district, Assam, India",25.400362549999997,93.07522922678905
Dimapur,86.65,98.28,"Dimapur, Dimapur Sadar, Dimapur, Nagaland, 797112, India",25.911744,93.721703
Dindigul,95.31,103.7,"Dindigul, Dindgul District, Tamil Nadu, India",10.3303299,78.0673979084697
Dindori,95.36,110.22,"Dindori, Madhya Pradesh, India",22.907368650000002,80.88511429688029
Diu,90.81,95.26,"Diu, Dadra and Nagar Haveli and Daman and Diu, India",20.718174949999998,70.93238341010638
Doda,85.85,100.66,"Doda, Doda district, Jammu and Kashmir, 182202, India",33.1449112,75.5473969
Dumka,95.31,100.53,"Dumka, Jharkhand, India",24.2538512,87.30064714192224
Dungarpur,95.09,109.99,"Dūngarpur, Dungarpur District, Rajasthan, 314404, India",23.666667,73.75
Durg,95.61,102.63,"Durg, Chhattisgarh, India",21.1982964,81.40079215767969
East Champaran,95.35,108.64,"Referral Hospital, East Champaran, SH54, Areraj, Purba Champaran, Bihar, 845412, India",26.5475298,84.6717583
East Delhi,89.62,96.72,"East Delhi, Delhi, India",28.61976385,77.30955022430011
East District,89.9,102.85,"RTO Office, East District, Jiwan Theeng Marg, Development Area, Gangtok, Gangtok district, Sikkim, 737101, India",27.3338349,88.614658
East Garo Hills,84.78,96.27,"East Garo Hills, Meghalaya, 794111, India",25.61849455,90.63421621777749
East Godavari,99.88,112.22,"East Godavari, Andhra Pradesh, India",16.99842865,81.71561488059287
East Imphal,87.13,101.19,"Imphal East, Manipur, India",24.85154025,94.00947957721581
East Jaintia Hills,85.34,97.01,"East Jaintia Hills, Meghalaya, India",25.25157605,92.48405006942016
East Kameng,83.91,94.74,"East Kameng, East Kameng district, Arunachal Pradesh, India",27.3,93.05
East Khasi Hills,84.68,96.44,"East Khasi Hills, Meghalaya, India",25.40237355,91.83254097054908
East Siang,84.22,94.97,"East Siang, Upper Siang, Arunachal Pradesh, India",28.3,95.15
East Singhbhum,95.08,100.29,"Life Line Nursing Home, East Singhbhum, Rajendranagar, Jamshedpur, Golmuri-Cum-Jugsalai, Purbi Singhbhum, Jharkhand, 831001, India",22.8092139,86.2091549
Ernakulam,96.58,107.65,"Ernakulam, Kanayannur, Ernakulam district, Kerala, 682035, India",9.98408,76.2741457
Erode,94.98,103.36,"Erode, Erode District, Tamil Nadu, India",11.369204400000001,77.67662686841793
Etah,89.85,96.68,"Etah, Uttar Pradesh, India",27.5541146,78.60078640304634
Etawah,90.06,96.9,"Etawah, Uttar Pradesh, India",26.718324350000003,79.09025375025163
Faizabad,90.42,97.25,"Faizabad, Uttar Pradesh, India",26.63807555,82.05902434378625
Faridabad,90.11,97.25,"Faridabad, Haryana, 121001, India",28.4031478,77.3105561
Faridkot,87.6,97.25,"Faridkot, Punjab, India",30.60092505,74.79477422840449
Farrukhabad,90.24,97.06,"Farrukhabad, Uttar Pradesh, India",27.43719385,79.48912946503123
Fatehabad,90.81,97.98,"Fatehabad, Haryana, India",29.51238035,75.4291789790538
Fatehgarh Sahib,88.12,97.79,"Fatehgarh Sahib, Fatehgarh Sahib Tahsil, Fategarh Sahib, Punjab, 140407, India",30.6466737,76.3887563
Fatehpur,90.51,97.35,"Fatehpur, Uttar Pradesh, India",25.8435395,80.91800397088501
Fazilka,87.84,97.5,"Fazilka, Fazilka Tahsil, Fazilka District, Punjab, 152123, India",30.4032097,74.0310609
Firozabad,89.69,96.53,"Firozabad, Uttar Pradesh, India",27.17736635,78.38991197951182
Firozpur,88.21,97.89,"Firozpur, Punjab, India",30.885100350000002,74.66014081248886
Gadag,88.2,102.25,"Shobha Hospital, Gadag, Malasamudra - Bankapur Road, Gadag-Betageri, Gadag taluk, Gadag district, Karnataka, 582103, India",15.419595,75.621863
Gadchiroli,93.36,106.82,"Gadchiroli, Maharashtra, India",19.759070350000002,80.16228072580182
Gajapati,97.13,105.66,"Gajapati, Odisha, India",19.19557415,84.19297736346317
Ganderbal,87.25,102.28,"Ganderbal, Ganderbal district, Jammu and Kashmir, India",34.193425500000004,74.83434976826678
Gandhi Nagar,92.38,96.63,"Gandhi Nagar, Shahdara, Delhi, 110031, India",28.6587904,77.2715878
Ganganagar,98.24,113.48,"Ganganagar, Dhalai, Tripura, India",23.7497214,91.87663495294915
Ganjam,96.17,104.66,"Ganjam, Odisha, India",19.4129711,85.04710406447731
Garhwa,97.38,102.58,"Garhwa, Jharkhand, India",24.15529035,83.82522584408349
Gariyaband,96.05,103.08,"Bindranavagarh(Gariyaband) Tahsil, Gariaband, Chhattisgarh, India",20.52675605,82.19172167092043
Gautam Budh Nagar,90.14,97.0,"Noida-Greater Noida Expressway, Greater Noida, Gautam Buddha Nagar, Uttar Pradesh, 201310, India",28.4543476,77.4977069
Gaya,95.04,108.31,"Gaya, Gaya Town C.D.Block, Gaya, Bihar, 823001, India",24.7964355,85.0079563
Ghaziabad,89.75,96.58,"Ghaziabad, Ghaziabad District, Uttar Pradesh, India",28.6711527,77.4120356
Ghazipur,90.43,97.25,"Ghazipur, Uttar Pradesh, India",25.603508400000003,83.50745404887138
Gir Somnath,93.92,98.15,"Gir Somnath District, Gujarat, India",20.9911049,70.68806405046848
Giridih,94.93,100.13,"Giridih, Jharkhand, India",24.1608897,86.25113503301655
Goalpara,89.04,97.52,"Goalpara, Balijana, Goalpara, Assam, 783362, India",26.1783623,90.6226683
Godda,95.3,100.53,"Godda, Jharkhand, 814133, India",24.74334305,87.2928506179686
Golaghat,88.71,97.18,"Golaghat, Assam, India",26.40490095,94.03209112120626
Gomati,88.89,99.98,"Gomati, Tripura, India",23.4613369,91.60718003817723
Gonda,89.96,96.76,"Gonda, Uttar Pradesh, India",27.1096669,81.9183291218813
Gondia,94.32,107.84,"Gondia City, Gondiya Taluka, Gondiya, Maharashtra, India",21.455228,80.1962729
Gopalganj,95.46,108.77,"Gopalganj, Bihar, India",26.4207265,84.37406407415165
Gorakhpur,89.97,96.79,"Gorakhpur, Uttar Pradesh, India",26.6711433,83.36457243864551
Greater Mumbai,94.27,106.31,"Greater Indra Nagar, Navpada, K/E Ward, Zone 3, Mumbai, Mumbai Suburban, Maharashtra, 400099, India",19.1074889,72.8718705
Gulbarga,88.16,102.21,"Kalaburagi, Kalaburagi district, Karnataka, India",17.166667,77.083333
Gumla,95.09,100.28,"Gumla, Gumla District, Jharkhand, India",23.0916741,84.5738480719802
Guna,94.75,109.59,"Guna, Ashok Nagar, Madhya Pradesh, India",24.5,77.5
Guntur,99.62,111.88,"Guntur, Andhra Pradesh, 522001, India",16.2915189,80.4541588
Gurdaspur,87.78,97.43,"Gurdaspur, Gurdaspur district, Punjab, 143525, India",32.166667,75.316667
Gurgaon,89.76,96.89,"Gurgaon, Gurugram, Haryana, India",28.42826235,77.00270014657752
Gwalior,93.84,108.58,"Gwalior, Gird Tahsil, Gwalior, Madhya Pradesh, 474001, India",26.2037247,78.1573628
Hailakandi,89.19,97.63,"Hailakandi, Assam, India",24.68845365,92.57381528240943
Hamirpur,84.9,95.69,"Hamirpur, Uttar Pradesh, India",25.75,80.0
Hanumangarh,97.39,112.54,"Hanumangarh, Hanumangarh Tehsil, Hanumangarh District, Rajasthan, 335513, India",29.5760254,74.3342203
Hapur,89.65,96.48,"Hapur, Uttar Pradesh, India",28.740612499999997,77.83542556519009
Harda,94.37,109.15,"Harda, Harda Tahsil, Harda, Madhya Pradesh, 461331, India",22.3388828,77.0929933
Hardoi,90.05,96.87,"Hardoi, Uttar Pradesh, India",27.33857665,80.0975264641719
Haridwar,89.54,94.42,"Haridwār, Hardwar, Haridwar, Uttarakhand, 249401, India",29.9384473,78.1452985
Hassan,87.9,102.05,"Hassan, Hasana taluk, Hassan district, Karnataka, 573201, India",13.0070817,76.0992703
Hathras,89.63,96.48,"Hathras, Uttar Pradesh, India",27.57324325,78.11173866751716
Haveri,88.77,102.89,"Haveri, Haveri taluku, Haveri district, Karnataka, 581110, India",14.7874825,75.3996731
Hazaribagh,95.3,100.5,"Hazaribagh, Jharkhand, India",23.9675151,85.43884568595615
Hingoli,94.41,107.93,"Hingoli, Maharashtra, India",19.54311635,77.17394323993398
Hisar,90.46,97.63,"Hisar, Haryana, India",29.080640950000003,75.788754109493
Hojai,89.44,97.9,"Hojai, Assam, 782435, India",26.009390850000003,92.84879014262606
Hooghly,93.22,106.52,"Hooghly, Grand Trunk Road, Bandel, Hugli-Chuchura, Chinsurah - Magra, Hugli, West Bengal, 712102, India",22.9052114,88.3760639
Hoshangabad,94.42,109.2,"Hoshangābād, Narmadapuram, Madhya Pradesh, 461005, India",22.6503147,77.7509281
Hoshiarpur,87.57,97.21,"Hoshiarpur, Punjab, India",31.60857425,75.84644246890946
Howrah,92.76,106.03,"Haora, Howrah, West Bengal, India",22.5736296,88.3251045
Hyderabad,97.82,109.66,"Hyderabad, Bahadurpura mandal, Hyderabad, Telangana, India",17.360589,78.4740613
Idukki,98.03,109.28,"Idukki, Kerala, India",9.8497872,76.9797914
Indore,93.86,108.58,"Indore, Juni Indore Tahsil, Indore District, Madhya Pradesh, 452001, India",22.7203616,75.8681996
Jabalpur,93.93,108.66,"Jabalpur, Ranjhi Tahsil, Jabalpur District, Madhya Pradesh, India",23.1608938,79.9497702
Jagatsinghpur,94.28,102.71,"Jagatsinghpur, Jagatsinghapur, Odisha, 754100, India",20.2593872,86.1660878
Jagitial,98.53,110.43,"Sri Sai Nursing Home - Jagitial, JambiGadde, Jagtial, Karimnagar_Rural mandal, Jagtial, Telangana, 505327, India",18.7971269,78.9224727
Jahanabad,94.51,107.74,"Jahanabad, Alot Tahsil, Ratlam, Madhya Pradesh, 457114, India",23.72124,75.5203414
Jhabua,94.26,109.02,"Jhabua, Madhya Pradesh, India",22.88585225,74.72513368804519
Jaipur,93.72,108.48,"Jaipur, Jaipur Municipal Corporation, Jaipur Tehsil, Jaipur District, Rajasthan, 302001, India",26.9154576,75.8189817
Jaisalmer,95.86,110.83,"Jaisalmer, Jaisalmer District, Rajasthan, 345001, India",26.921761,70.9191144
Jajpur,94.96,103.42,"Jajpur, Jajapur, Odisha, 755001, India",20.8522696,86.3385714
Jalandhar,87.68,97.32,"Jalandhar, Punjab, India",31.29201065,75.56805772253911
Jalaun,90.44,97.29,"Jalaun, Uttar Pradesh, India",26.105546,79.42765264782076
Jalgaon,92.7,106.17,"Jalgaon, Maharashtra, India",20.84288265,75.52612463784979
Jalna,94.73,108.3,"Jalna, Maharashtra, India",19.918832950000002,75.87085986165867
Jalor,96.06,111.06,"Jālor, Jalor District, Rajasthan, India",25.166667,72.25
Jalpaiguri,92.48,105.73,"Jalpaiguri, Jalpaiguri District, West Bengal, India",26.4733048,88.6788668614395
Jammu,83.35,97.6,"Jammu, Jammu District, Jammu and Kashmir, 180001, India",32.7185614,74.8580917
Jamnagar,91.78,96.04,"Jamnagar, Jamnagar City Taluka, Jamnagar District, Gujarat, India",22.4732415,70.0552102
Jamtara,95.19,100.41,"Jamtara, Jharkhand, India",23.9232867,86.77353493891458
Jamui,94.93,108.21,"Jamui, Bihar, 811307, India",24.967852049999998,86.17351147289283
Jangaon,97.45,109.27,"Jangaon, Telangana, India",17.746584300000002,79.24072182693956
Janjgir,95.72,102.74,"Janjgir, Janjgir Tahsil, Janjgir-Champa, Chhattisgarh, 495668, India",22.0090841,82.578896
Jashpur,96.98,104.02,"Jashpur, Chhattisgarh, India",22.770251000000002,83.97080132252168
Jaunpur,90.97,97.8,"Jaunpur, Uttar Pradesh, India",25.7955927,82.48834097504385
Jayashankar Bhupalpally,97.73,109.57,"State Bank Of India, Gurrampet, Gurrampet, Bhupalpally mandal, Jayashankar Bhupalapally, Telangana, India",18.3598495,79.9311384
Jhajjar,89.71,96.84,"Jhajjar, Haryana, India",28.53364155,76.68981477716189
Jhalawar,94.8,109.69,"Jhālāwār, Jhalawar District, Rajasthan, 326003, India",24.416667,76.25
Jhansi,89.9,96.73,"Jhansi, Uttar Pradesh, India",25.530130800000002,78.65242146225927
Jhargram,93.53,106.89,"Jhargram, West Bengal, India",22.3770636,87.04867177362203
Jharsuguda,94.89,103.31,"Jharsuguda, Odisha, India",21.87705125,84.00905063735019
Jhunjhunun,95.03,109.93,"Jhunjhunūn, Jhunjhunun District, Rajasthan, 333021, India",28.0,75.5
Jind,90.02,97.17,"Jind, Haryana, India",29.301826249999998,76.33847076788838
Jiribam,88.96,103.21,"Jiribam, Manipur, 795116, India",24.6778472,93.1549000879473
Jodhpur,94.98,109.86,"Jodhpur, Jodhpur Tehsil, Jodhpur District, Rajasthan, India",26.2967719,73.0351433
Jogulamba Gadwal,99.55,111.51,"Jogulamba Gadwal, Telangana, India",16.0999202,77.73415835077523
Jorhat,89.01,97.49,"Jorhat, Jorhat East, Jorhat, Assam, 785001, India",26.7577925,94.2079645
Junagadh,93.5,97.73,"Junagadh, NH 8D, Junagadh City Taluka, Junagadh District, Gujarat, 362037, India",21.518558900000002,70.45917211724378
Kaimur,95.65,108.97,"Kaimur (Bhabua), Bihar, India",24.97587095,83.57643402321503
Kaithal,89.66,96.8,"Kaithal, Haryana, India",29.822820749999998,76.37830986647243
Kakching,87.41,101.49,"Kakching, Manipur, India",24.38904015,93.88013239529906
Kalahandi,97.25,105.75,"Kālāhandi, Kalahandi, Odisha, India",19.75,83.0
Kalimpong,92.71,105.98,"Kalimpong, Kalimpong -I, Kalimpong district, West Bengal, 734316, India",27.0702869,88.4723676
Kamareddy,98.95,110.88,"Kamareddy, Kamareddy mandal, Kamareddy district, Telangana, 503100, India",18.3222091,78.3387118
Kamrup,88.68,97.15,"Kamrup, Assam, India",26.14688605,91.22273972821812
Kamrup Metropolitan,88.56,97.02,"Kamrup Metropolitan, Assam, India",26.13526375,91.86167062524618
Kanchipuram,94.41,102.81,"Kanchipuram District, Tamil Nadu, India",12.9647163,79.9839686
Kandhamal,96.41,104.91,"Kandhamal, Odisha, India",20.13069385,84.07904760590154
Kangpokpi,87.46,101.55,"Kangpokpi, Kangpoki, Kangpokpi, Manipur, 795129, India",25.1524326,93.9714932
Kangra,84.52,95.27,"Kangra, Himachal Pradesh, 176217, India",32.166667,76.25
Kanker,96.89,103.92,"Uttar Bastar Kanker, Chhattisgarh, India",20.12868925,80.98453000491365
Kanniyakumari,95.24,103.6,"Kanniyakumari, Main Road, Vavaturai, Agastheeswaram, Kanyakumari, Agastheeswaram, Kanyakumari District, Tamil Nadu, 629702, India",8.0879641,77.5467414
Kannauj,90.57,97.41,"Kannauj, Uttar Pradesh, India",26.999697400000002,79.68861212775874
Kannur,96.93,108.0,"Kannur, Kannur district, Kerala, India",11.8763836,75.3737973
Kanpur Rural,89.6,96.41,"Rural Technology Action Group, 6th Avenue, Kanpur, Kanpur Nagar, Uttar Pradesh, 208016, India",26.514219349999998,80.23027653908163
Kanpur Urban,89.81,96.63,"Kanpur shoe mela, Dr. M H Marigowda Road, Sadgunte Palya, Suddagunte Palya Ward, South Zone, Bengaluru, Bangalore South, Bangalore Urban, Karnataka, 560030, India",12.9361708,77.6069588
Kapurthala,87.41,97.04,"Kapurthala, Punjab, India",31.38524095,75.30552273989395
Karaikal,86.12,95.89,"Karaikal, Karaikal Taluk, Karaikal district, Puducherry, 609602, India",10.91571,79.8375761
Karauli,93.74,108.53,"karauli, Karauli Tehsil, Karauli District, Rajasthan, India",26.4956,77.0275
Karbi Anglong,89.63,98.1,"Karbi Anglong, East Karbi Anglong, Assam, India",26.0,93.5
Karim Nagar,97.92,109.78,"Nabi Karim Road, Nabi Karim, Old Delhi, Delhi, Kotwali Tehsil, Central Delhi, Delhi, 110055, India",28.6505379,77.2137323
Karimganj,89.74,98.19,"Karimganj, Assam, India",24.8483482,92.33221292310328
Karnal,89.34,96.48,"Karnal, Haryana, 132001, India",29.6803266,76.9896254
Karur,94.55,102.92,"Karur, Karur District, Tamil Nadu, India",10.9301522,78.08485454572889
Kasaragod,97.29,108.39,"Kasaragod, Kasaragod district, Kerala, 671121, India",12.5035577,74.9907022
Kanshi Ram Nagar,90.07,96.91,"Manyawar Kanshi Ram Aawash Yojna, Akbarpur, Ambedkar Nagar, Uttar Pradesh, 224122, India",26.46281815,82.49013652374569
Kathua,83.92,98.21,"Kathua, Kathua District, Jammu and Kashmir, India",32.4288215,75.56286458392415
Katihar,95.38,108.7,"Katihar, Bihar, India",25.559100100000002,87.64745595714365
Katni,94.88,109.7,"Katni, Murwara Tahsil, Katni, Madhya Pradesh, 483500, India",23.8339621,80.392456
Kaushambi,89.96,96.76,"Kaushambi, Uttar Pradesh, India",25.53868215,81.45034105480562
Kawardha,96.37,103.41,"Kawardha, Kawardha Tahsil, Kabirdham, Chhattisgarh, 491995, India",22.0059254,81.2332055
Kendrapara,94.66,103.11,"Kendrapara, Odisha, India",20.50040085,86.43170622796478
Keonjhar,96.67,105.2,"Keonjhar, Kendujhar, Odisha, 758018, India",21.5,85.5
Khagaria,94.34,107.59,"Khagaria, Bihar, India",25.4916868,86.69910848212217
Khammam,98.4,110.3,"Khammam, Telangana, India",17.5,80.333333
Khandwa,95.06,109.89,"Khandwa, Madhya Pradesh, India",21.9778642,76.5688282326971
Khargone,94.47,109.24,"Khargone, Khargone Tahsil, Khargone, Madhya Pradesh, 451001, India",21.825599,75.614182
Kheda,91.96,96.22,"Kheda, Kheda District, Gujarat, 387320, India",22.75,72.833333
Khordha,94.76,103.19,"Khordha, Odisha, India",20.22564715,85.56059465125232
Khowai,88.03,99.06,"Khowai, Tripura, 799207, India",24.04673835,91.62320953646798
Khunti,94.72,99.91,"Khunti, Jharkhand, 835210, India",23.10018105,85.3454593617985
Kinnaur,88.11,99.44,"Kinnaur district, Himachal Pradesh, India",31.5864184,78.396745
Kiphire,89.76,101.77,"Kiphire, Nagaland, 798611, India",25.81551155,94.84166400470303
Kishanganj,95.99,109.35,"Kishanganj, Kishanganj district, Bihar, India",26.130435300000002,87.94010318229245
Kishtwar,86.24,101.09,"Kishtwar, Kishtwar district, Jammu and Kashmir, India",33.2761171,75.8169238781403
Kodagu,88.9,103.19,"Kodagu, Karnataka, India",12.38217745,75.66531991685233
Koderma,95.42,100.64,"Koderma, Kodarma, Jharkhand, India",24.4931239,85.55608107203881
Kohima,87.56,99.45,"Kohīma, Kohima, Nagaland, 797003, India",25.75,94.166667
Kokrajhar,89.1,97.57,"Kokrajhar, Assam, India",26.58687695,90.29293105124796
Kolar,87.83,101.87,"Kolar, Kolar taluk, Kolar district, Karnataka, 563101, India",13.1367201,78.1337246
Kolasib,81.23,94.62,"Kolasib, Mizoram, India",24.18947525,92.7133181281124
Kolhapur,93.01,106.47,"Kolhapur, Maharashtra, 416003, India",16.7028412,74.2405329
Kolkata,92.76,106.03,"Kolkata, West Bengal, India",22.5726459,88.3638953
Kollam,97.95,109.11,"Kollam, Kerala, 691001, India",8.8879509,76.5955013
Komaram Bheem Asifabad,99.48,111.45,"Kumuram Bheem Asifabad, Telangana, India",19.33381885,79.4219792634756
Kondagaon,97.4,104.45,"Kondagaon, Chhattisgarh, India",19.5885769,81.6628742
Koppal,89.08,103.21,"Koppala, Koppala taluku, Koppal district, Karnataka, 583231, India",15.3484144,76.1547421
Koraput,99.21,107.79,"Koraput, Odisha, India",18.7232023,82.6081182778727
Korba,95.17,102.18,"Korba, Korba Tahsil, Korba District, Chhattisgarh, 495600, India",22.3547468,82.7110855
Koria,96.11,103.13,"SubCentre, Koria, SH55, Begusarai, Bihar, 851127, India",25.5363733,86.1339196
Kota,93.84,108.62,"Kota, Ladpura Tehsil, Kota District, Rajasthan, 324001, India",25.1737019,75.8574194
Kottayam,97.0,108.1,"Kottayam, Kerala, India",9.6287383,76.64553257390992
Kozhikode,97.2,108.28,"Kozhikode, Kozhikode district, Kerala, 673001, India",11.2450558,75.7754716
Krishna,99.16,111.38,"Krishna, Andhra Pradesh, India",16.21399145,81.02572813603345
Krishnagiri,95.83,104.23,"Krishnagiri, Krishnagiri District, Tamil Nadu, India",12.5188835,78.2206536
Kulgam,86.4,101.26,"Kulgam, Kulgam District, Jammu and Kashmir, India",33.669800550000005,75.01480232217389
Kullu,86.06,97.0,"Kullu, Himachal Pradesh, India",32.00186325,77.37899639741332
Kupwara,87.59,102.65,"Kupwara, Kupwara District, Jammu and Kashmir, India",34.611023599999996,74.238478667319
Kurnool,99.76,112.03,"Kurnool, Andhra Pradesh, 518001, India",15.8309251,78.0425373
Kurukshetra,89.84,96.99,"Kurukshetra, Thanesar, Kurukshetra, Haryana, 132118, India",29.9693747,76.8482787
Kushinagar,89.63,96.44,"Kushinagar, Uttar Pradesh, India",26.7438272,83.9162322
Kutch,92.33,96.59,"Gulf of Kutch, India",22.6612804,69.7625581
Lahul & Spiti,87.9,99.18,"Lahul, Lahul and Spiti, Himachal Pradesh, India",32.53924315,77.19817948616455
Lakhimpur,90.28,98.77,"Lakhimpur, Kheri, Uttar Pradesh, India",27.985060150000002,80.75384538357649
Lalitpur,90.22,97.06,"Lalitpur, Uttar Pradesh, India",24.70038485,78.51866758648347
Latehar,95.68,100.87,"Latehar, Jharkhand, 829206, India",23.74186545,84.51301366522105
Latur,93.69,107.19,"Latur, Maharashtra, India",18.35159075,76.75542361334745
Lawngtlai,84.03,97.77,"Lawngtlai, Mizoram, 796891, India",22.34596495,92.8119536068969
Lohardaga,95.53,100.72,"Lohardaga, Jharkhand, India",23.46920055,84.73568423071751
Lohit,84.66,95.39,"Lohit, Sunpura Circle, Lohit district, Arunachal Pradesh, India",27.8239052,95.861898
Longding,84.35,95.06,"Longding, Arunachal Pradesh, 792131, India",26.879454600000003,95.3155652456941
Longleng,88.94,100.76,"Longleng, Nagaland, 798625, India",26.49031725,94.77214247303138
Lower Dibang Valley,84.8,95.6,"Lower Dibang Valley, Arunachal Pradesh, 792110, India",28.21495625,95.87877403567019
Lower Subansiri,82.4,93.03,"Lower Subansiri, Kra Daadi, Arunachal Pradesh, India",27.8,93.6
Luckeesarai,94.76,108.04,"Luckeesarai Junction, ODR, Kiul, Lakhisarai, Bihar, India",25.1717751,86.0944743
Lucknow,89.81,96.62,"Lucknow, Uttar Pradesh, 226019, India",26.8381,80.9346001
Ludhiana,87.8,97.45,"Ludhiana, Ludhiana (West) Tahsil, Ludhiana, Punjab, 141008, India",30.9090157,75.851601
Lunglei,83.44,97.14,"Lunglei, Mizoram, India",22.898553,92.75192291719874
Madhepura,94.89,108.17,"Madhepura, Bihar, India",25.9259562,86.82042961035677
Madhubani,95.32,108.63,"Madhubani, Bihar, India",26.350071999999997,86.22914688962271
Madurai,94.98,103.35,"Madurai, Madurai South, Madurai District, Tamil Nadu, India",9.9261153,78.1140983
Mahabubabad,97.72,109.56,"Mahabubabad, Telangana, India",17.7138983,80.04134252767227
Maharajganj,90.42,97.25,"Maharajganj, Mahrajganj, Uttar Pradesh, India",27.09254225,83.56696261338257
Mahasamund,96.69,103.73,"Mahasamund, Chhattisgarh, India",21.19228455,82.48902633077708
Mahe,83.72,93.8,"Mahé, Mahe Taluk, Mahé District, Puducherry, 673310, India",11.7021978,75.5364701
Mahendragarh,89.95,97.08,"Mahendragarh, Haryana, India",28.25,76.166667
Mahisagar,92.9,97.16,"Mahisagar District, Gujarat, India",23.1916967,73.6626352964019
Mahoba,90.63,97.48,"Mahoba, Uttar Pradesh, India",25.36176885,79.70499475331877
Mainpuri,90.23,97.08,"Mainpuri, Uttar Pradesh, India",27.2098219,79.04813700847944
Majuli,90.78,99.3,"Majuli, Assam, India",27.021952849999998,94.32742302965544
Malappuram,97.75,108.9,"Malappuram, Kerala, India",11.10684475,76.10995510466662
Malda,92.7,105.96,"Malda, English Bazar, Maldah, West Bengal, 732101, India",25.0057449,88.1398483
Malkangiri,100.29,108.92,"Malkangiri, Odisha, India",18.35835435,81.89823748747048
Mamit,82.42,96.02,"Mamit, Mizoram, India",23.75590845,92.45173568830637
Mancherial,98.74,110.65,"Mancherial, Telangana, India",18.9812967,79.51980961374048
Mandi,85.38,96.2,"Mandi, Himachal Pradesh, India",31.6723392,76.95331690779145
Mandla,95.27,110.12,"Mandla, Madhya Pradesh, India",22.68536625,80.58150561711888
Mandsaur,94.93,109.75,"Mandsaur, Madhya Pradesh, India",24.2627979,75.38588022856008
Mandya,88.1,102.17,"Mandya, Mandya taluk, Mandya district, Karnataka, 571401, India",12.5238888,76.8961961
Mansa,87.57,97.21,"Mansa, Punjab, India",29.8769971,75.4889866137018
Mathura,89.33,96.17,"Mathura, Uttar Pradesh, India",27.633333,77.583333
Mau,90.57,97.4,"Mau, Uttar Pradesh, India",26.0376878,83.49793418499047
Mayurbhanj,95.6,104.05,"Mayūrbhanj, Mayurbhanj, Odisha, India",21.75,86.5
Medak,98.24,110.1,"Medak, Telangana, India",17.9375095,78.21174498510584
Medchal Malkajgiri,97.82,109.66,"Medchal–Malkajgiri, Telangana, India",17.53498345,78.52463873502381
Meerut,89.64,96.46,"Meerut, Uttar Pradesh, India",29.000652549999998,77.76822875372174
Mahabubnagar,98.7,110.6,"Mahabubnagar, Telangana, India",16.696568550000002,77.95911462089693
Mehsana,92.17,96.4,"Mahesana, Mahesana Taluka, Mahesana District, Gujarat, 384001, India",23.6015557,72.3867981
Mewat,89.81,96.94,"Nuh, Haryana, India",27.993178,77.04073902524605
Mirzapur,90.63,97.45,"Mirzapur, Mirzapur District, Uttar Pradesh, India",25.101047700000002,82.62574935763521
Moga,88.2,97.87,"Moga, Punjab, India",30.7839866,75.16057422541162
Mokokchung,88.99,101.02,"Mokokchung, Nagaland, India",26.4795861,94.51052754768273
Mon,88.75,100.62,"Mon, Nagaland, India",26.75,94.833333
Moradabad,90.01,96.83,"Moradabad, Uttar Pradesh, India",28.8638424,78.80577833091104
Morbi,92.54,96.77,"Morbi, Morbi Taluka, Morbi District, Gujarat, 363641, India",22.8176662,70.8345928
Morena,94.27,109.04,"Morena, Madhya Pradesh, India",26.166667,77.5
Morigaon,89.11,97.59,"Catholic Church, Morigaon, St Theres,a's School, SH15, Marigaon, Assam, 782105, India",26.2551482,92.3290878
Muktsar,87.48,97.13,"Sri Muktsar Sahib, Muktsar Tahsil, Sri Muktsar Sahib District, Punjab, 152026, India",30.4692,74.5182
Mulugu,97.47,109.29,"Mulugu, Mulug mandal, Mulugu, Telangana, 506343, India",18.1932372,79.9413676
Mumbai City,94.27,106.31,"Mumbai City, Maharashtra, India",18.9733536,72.82810491917377
Mungeli,96.18,103.2,"Mungeli, Chhattisgarh, India",22.0661098,81.6874282
Munger,94.23,107.47,"Munger, Bihar, India",25.22081165,86.51720367235285
Murshidabad,92.92,106.2,"Murshidabad, Murshidabad Jiaganj, Murshidabad, West Bengal, 742149, India",24.1745993,88.2721335
Muzaffarnagar,89.81,96.63,"Muzaffarnagar, Uttar Pradesh, India",29.44800635,77.74068502568672
Muzaffarpur,94.79,108.07,"Muzaffarpur, Bihar, India",26.1486581,85.34001282479626
Mysore,87.49,101.5,"Mysuru, Mysuru taluk, Mysuru district, Karnataka, 570001, India",12.3051828,76.6553609
Nabarangapur,99.53,108.13,"Nabarangapur, Odisha, India",19.60962325,82.29876854111501
Nadia,93.78,107.12,"Nadia, West Bengal, India",23.4836184,88.55570832329447
Nagaon,89.77,98.26,"Nagaon, Assam, India",26.30414915,92.71605974430346
Nagapattinam,95.79,104.18,"Nagapattinam, Nagapattinam District, Tamil Nadu, India",10.805627600000001,79.824659783024
Nagarkurnool,98.53,110.41,"Nagarkurnool, Telangana, India",16.415762649999998,78.68304333132829
Nagaur,93.99,108.78,"Nāgaur, Nagaur District, Rajasthan, India",27.0237969,74.2037201
Nagpur,92.59,106.04,"Nagpur Urban Taluka, Nagpur, Maharashtra, India",21.1498134,79.0820556
Nainital,89.97,94.85,"Nainital, Uttarakhand, India",29.29478295,79.41548093726253
Nalanda,94.42,107.65,"Nalanda, NH120, Silao, Nalanda, Bihar, 803111, India",25.1364914,85.44365464855682
Nalbari,89.18,97.66,"Nalbari, Assam, India",26.42386165,91.45122754621168
Nalgonda,98.22,110.11,"Nalgonda, Telangana, India",16.8579636,79.21749353315548
Namakkal,94.7,103.07,"Namakkal, Namakkal District, Tamil Nadu, India",11.284224850000001,78.16615283668403
Namsai,84.42,95.13,"Namsai, Arunachal Pradesh, India",27.71403055,96.01597093953018
Nanded,94.78,108.32,"Nanded, Maharashtra, India",19.09400875,77.48319215130235
Nandurbar,93.49,106.99,"Nandurbar, Maharashtra, India",21.51450155,74.54070114836503
Narayanpet,99.51,111.47,"Narayanpet, Ghatanji, Yavatmal, Maharashtra, 445306, India",19.9186968,78.310799
Narmada,92.73,96.99,"Narmada, India",22.6694223,77.5687122
Narsimhapur,94.21,108.96,"Narsimhapur, Madhya Pradesh, India",22.93412525,79.08676592149922
Nashik,92.42,105.89,"Nashik, Maharashtra, India",20.0112475,73.7902364
Navsari,92.3,96.54,"Navsari, Navsari Taluka, Nav Sari District, Gujarat, 396400, India",20.952407,72.9323831
Nawada,94.97,108.24,"Nawada, Bihar, India",24.818123999999997,85.5185562336921
Nayagarh,95.03,103.47,"Nayagarh, Odisha, India",20.1160666,85.11195643843573
Neemach,95.15,110.0,"Neemach Mata Mandir, Udaipur Bari Road, Udaipur, Girwa Tehsil, Udaipur District, Rajasthan, 313001, India",24.6130499,73.6759369
Nellore,99.91,112.24,"Nellore, Sri Potti Sriramulu Nellore, Andhra Pradesh, 524001, India",14.4493717,79.9873763
New Delhi,89.62,96.72,"New Delhi, Delhi, India",28.6138954,77.2090057
Nicobar,79.74,84.1,"Nicobar, Andaman and Nicobar Islands, India",7.0000167,93.8110528187756
Nilgiris,96.37,104.96,"Nilgiris, CP Ramaswamy Road, CMWSSB Division 123, Ward 123, Zone 9, Chennai, Chennai District, Tamil Nadu, 600001, India",13.031996,80.2566384
Nirmal,99.4,111.36,"Nirmal, Telangana, India",19.091520950000003,78.39660898429065
Nizamabad,99.31,111.27,"Nizamabad, Azamgarh, Uttar Pradesh, India",26.055317950000003,82.99313867937335
Noney,87.51,101.61,"Noney, Tamenglong, Manipur, 795159, India",24.8625867,93.6237454
North 24 Parganas,93.29,106.59,"North 24 Parganas, West Bengal, India",22.692681450000002,88.66111746099942
North And Middle Andaman,79.74,84.1,"North and Middle Andaman, Andaman and Nicobar Islands, India",12.61123865,92.83165406414926
North Delhi,89.62,96.72,"North Delhi, Delhi, India",28.78722785,77.09809032829239
North District,89.9,102.85,"North District, North Sikkim District, Sikkim, India",27.666667,88.5
North East Delhi,89.62,96.72,"North East Delhi, Delhi, India",28.72330795,77.26685650778668
North Garo Hills,84.19,95.67,"North Garo Hills, Meghalaya, India",25.8619841,90.70177048839348
North Goa,90.29,97.75,"North Goa, Goa, India",15.60444125,74.00172406307475
North Tripura,87.42,98.4,"North Tripura, Tripura, India",24.092147599999997,92.24512135019847
North West Delhi,89.62,96.72,"North West Delhi, Delhi, India",28.737914449999998,77.01006262588218
Nuaparha,97.17,105.68,"Nuapada, Odisha, 766105, India",20.8085208,82.5340241
Osmanabad,93.84,107.35,"Osmanabad, Waruda Road, Gairan Wasti, Waruda, Dharashiv, Maharashtra, 413500, India",18.28224535,76.05881660170444
Pakur,95.97,101.2,"Pakur, NH133A, Dhanukpuja, Pakur, Pakaur, Jharkhand, 816107, India",24.6379647,87.8558666
Palakkad,97.95,109.11,"Palakkad, Kerala, India",10.78736915,76.47421718925105
Palamau,97.54,102.75,"Palāmau, SH9, Betla, Barwadih, Latehar, Jharkhand, 822111, India",23.8955106,84.2306
Palghar,92.55,106.06,"Palghar, Maharashtra, India",19.684661,72.82491116145356
Pali,93.78,108.54,"Pali District, Rajasthan, India",25.6051226,73.41650554658088
Palwal,90.3,97.44,"Palwal, Haryana, India",28.176958900000002,77.37311203790532
Panch Mahal,92.18,96.44,"Panch Mahal District, Gujarat, India",22.69584,73.60505830112048
Panchkula,90.67,97.84,"Panchkula, Haryana, India",30.7137692,76.86827600027706
Panipat,89.53,96.67,"Panipat, Haryana, 132100, India",29.3912753,76.9771675
Panna,95.48,110.38,"Panna, Madhya Pradesh, 488058, India",24.5,80.25
Papum Pare,82.27,92.83,"Papum Pare, Arunachal Pradesh, India",27.286366649999998,93.61877159710389
Parbhani,95.21,108.79,"Parbhani, Maharashtra, India",19.29019805,76.60264434278307
Paschim Bardhaman,92.61,105.86,"Paschim Bardhaman, West Bengal, India",23.64260775,87.16444149728576
Paschim Medinipur,93.33,106.67,"Paschim Medinipur, West Bengal, India",22.3599134,87.41331447600871
Patan,92.22,96.46,"Patan, Gujarat, India",23.77405735,71.68373465668734
Pathanamthitta,97.67,108.81,"Pathanamthitta, Kerala, India",9.278084100000001,76.97374429915658
Pathankot,88.45,98.12,"Pathankot, Pathankot Tahsil, Pathankot district, Punjab, 145001, India",32.2692452,75.6528858
Patiala,87.52,97.17,"Patiala, Punjab, India",30.2090874,76.3398720856221
Patna,94.04,107.24,"Patna, Patna Rural, Patna District, Bihar, 800001, India",25.6093239,85.1235252
Pauri,90.38,95.29,"Pauri, Pauri Garhwal, Uttarakhand, 246001, India",30.1479882,78.7759518
Peddapalli,98.44,110.34,"Peddapalli, Telangana, India",18.62065305,79.49501710882896
Perambalur,95.01,103.38,"Perambalur, Perambalur District, Tamil Nadu, India",11.2287716,78.8182555496278
Peren,86.99,98.65,"Peren, Nagaland, 797101, India",25.47907705,93.72563659313207
Phek,89.1,101.14,"Phek, Nagaland, India",25.75,94.5
Pherzawl,88.78,103.02,"Pherzawl, Tipaimukh, Pherzawl, Manipur, India",24.2595653,93.1906004
Pilibhit,90.31,97.15,"Pilibhit, Pilibhit District, Uttar Pradesh, India",28.690806600000002,79.83107248812297
Pithoragarh,92.75,97.96,"Pithoragarh, Pithoragarh Tehsil, Pithoragarh district, Uttarakhand, 262500, India",29.585871,80.215167
Pondicherry,86.33,96.16,"Puducherry, India",10.91564885,79.80694879844232
Poonch,85.83,100.6,"Poonch, Haveli tehsil, Poonch district, Jammu and Kashmir, 185101, India",33.7670004,74.0957143
Porbandar,92.52,96.77,"Porbandar, Porbandar Taluka, Porbandar District, Gujarat, 360500, India",21.6409,69.611
Prakasam,99.75,112.05,"Prakasam, Andhra Pradesh, India",15.6589741,79.47164372680194
Pratapgarh,94.21,109.01,"Pratapgarh, Uttar Pradesh, India",25.75,81.75
Pudukkottai,95.3,103.68,"Pudukkottai, Pudukkottai District, Tamil Nadu, India",10.5,78.833333
Pulwama,86.91,101.92,"Pulwama, Pulwama tehsil, Pulwama District, Jammu and Kashmir, India",33.8756947,74.9003129
Pune,92.3,105.77,"Pune City, Pune, Maharashtra, India",18.521428,73.8544541
Purba Bardhaman,93.1,106.39,"Purba Bardhaman, West Bengal, India",23.391717,87.90621212355462
Purba Medinipur,92.75,106.05,"Purba Medinipur, West Bengal, India",22.06217445,87.83672383486115
Puri,95.16,103.61,"Puri, Puri (M), Puri, Odisha, 752001, India",19.8076083,85.8252538
Purnia,95.39,108.71,"Purnia, Araria, Bihar, India",26.0,87.5
Purulia,93.53,106.85,"Purulia, Purulia - II, Puruliya, West Bengal, 723101, India",23.3291882,86.3672378
Rae Bareli,89.87,96.68,"Rāe Bareli, Raebareli, Uttar Pradesh, India",26.25,81.25
Raichur,88.59,102.67,"Raichur, Raichur district, Karnataka, India",16.083333,77.166667
Raigarh,95.73,102.75,"Raigarh, Raigarh District, Chhattisgarh, India",22.5,83.5
Raipur,95.44,102.45,"Raipur, Raipur Tahsil, Raipur, Chhattisgarh, 493332, India",21.2380912,81.6336993
Raisen,94.08,108.84,"Raisen, Madhya Pradesh, India",23.25,78.083333
Rajanna Sircilla,98.3,110.18,"Rajanna Sircilla, Telangana, India",18.452116,78.76455837158737
Rajgarh,94.71,109.53,"Rajgarh, Madhya Pradesh, India",23.87167135,76.7748902040889
Rajkot,91.94,96.18,"Rajkot, Rajkot Taluka, Rajkot, Gujarat, 360001, India",22.3053263,70.8028377
Rajnandgaon,95.84,102.86,"Rajnandgaon, Chhattisgarh, India",21.06844245,80.797077941564
Rajouri,84.74,99.18,"Rajouri, Rajauri, Rajouri district, Jammu and Kashmir, 185131, India",33.3772495,74.3132332
Rajsamand,94.35,109.17,"Rajsamand, Rajsamand Tehsil, Rajsamand District, Rajasthan, 313326, India",25.0585825,73.8880816
Ramanagara,88.29,102.39,"Ramanagara, Ramanagara taluk, Ramanagara district, Karnataka, 571511, India",12.7252766,77.2804797
Ramanathapuram,95.41,103.78,"Ramanathapuram, Ramanathapuram District, Tamil Nadu, India",9.3895523,78.85907071521498
Ramban,85.17,99.84,"Ramban, Ramban district, Jammu and Kashmir, India",33.211637100000004,75.20509890752818
Ramgarh,95.19,100.38,"Ramgarh, Jharkhand, India",23.598775949999997,85.53691564663127
Rampur,90.26,97.09,"Rampur, Kaimur (Bhabua), Bihar, India",24.890090999999998,83.73254274787365
Ranchi,94.65,99.84,"Ranchi, Kanke, Ranchi, Jharkhand, 834001, India",23.3700501,85.3250387
Rangareddy,97.82,109.66,"Rangareddy, Telangana, India",17.133395399999998,78.3970978701631
Ratlam,93.77,108.49,"Ratlam, Madhya Pradesh, India",23.502187,74.95397841237119
Ratnagiri,93.87,107.43,"Ratnagiri, Maharashtra, India",17.282607900000002,73.4569787039826
Rayagada,98.43,107.01,"Rayagada, Odisha, 765017, India",19.172095849999998,83.3350308502498
Reasi,84.48,99.1,"Reasi, Reasi district, Jammu and Kashmir, India",33.069103150000004,74.8378698208889
Rewa,96.06,110.98,"Rewa, Madhya Pradesh, India",24.756718,81.65493468694177
Rewari,89.48,96.6,"Rewari, Rewari District, Haryana, 123110, India",28.1956468,76.6165179
Ri Bhoi,84.18,95.82,"Ri-Bhoi, Meghalaya, India",25.87640255,91.85675741641606
Rohtak,90.13,97.26,"Rohtak, Haryana, 124001, India",28.9010899,76.5801935
Rohtas,95.23,108.52,"Rohtas, Rohtas District, Bihar, India",24.6723487,83.92090397276326
Rudraprayag,92.18,97.28,"Rudraprayag, Uttarakhand, India",30.3009965,79.06287964782695
Rupnagar,88.21,97.88,"Rupnagar, Punjab, India",31.09168085,76.5272673916138
Sabar Kantha,92.84,97.1,"Sabar Kāntha, Aravalli District, Gujarat, India",23.5,73.25
Sagar,93.74,108.48,"Sagar, Madhya Pradesh, India",23.80961225,78.75911360578634
Saharanpur,90.24,97.07,"Saharanpur, Uttar Pradesh, India",29.9880774,77.5081299470512
Saharsa,94.79,108.07,"Saharsa, Bihar, India",25.83264165,86.61489283342814
Sahibganj,95.96,101.19,"Sahibganj (block), Sahibganj (district), Jharkhand, 816109, India",25.28086285,87.6211746273445
Saiha,84.75,98.61,"Saiha, Mizoram, 796901, India",22.4995518,92.97798988717027
Salem,95.15,103.54,"Salem, Salem District, Tamil Nadu, India",11.6549142,78.1584923
Samastipur,94.15,107.39,"Samastipur, Bihar, India",25.7744929,85.86626813370123
Samba,83.26,97.5,"Samba, Samba District, Jammu and Kashmir, India",32.57591175,75.12034455530063
Sambalpur,95.41,103.85,"Sambalpur (M), Sambalpur, Odisha, India",21.4706422,83.98368580351055
Sambhal,89.99,96.81,"Sambhal, Uttar Pradesh, India",28.61875255,78.55087405404802
Sangareddy,98.6,110.49,"Sangareddy, Telangana, India",17.86859205,77.8228199507381
Sangli,92.95,106.41,"Sangli, Maharashtra, India",17.1726928,74.58676543279755
Sangrur,87.4,97.04,"Sangrur, Punjab, India",30.135825699999998,75.8535154380713
Sant Kabir Nagar,90.24,97.07,"Patel Hospital, Sant Kabir Nagar, NH27, Khalilabad, Sait Kibir Nagar, Uttar Pradesh, 272175, India",26.7882737,82.9600798
Sant Ravidas Nagar,90.49,97.31,"Sant Ravidas Nagar, Uttar Pradesh, India",25.3560294,82.50057725197018
Kharasawan,94.58,99.78,"Kharasawan, Kharsawan, Seraikela Kharsawan, Jharkhand, India",22.7909475,85.8310182
Saran,94.71,107.97,"Saran, Bihar, India",25.90835495,84.78074760594323
Sas Nagar,88.3,97.98,"Sas Nagar, SH12A, Sector 77, S.A.S. Nagar (Mohali) Tahsil, Sahibzada Ajit Singh Nagar, Punjab, 160071, India",30.6904366,76.7116208
Satara,93.88,107.42,"Satara, Maharashtra, India",17.63612885,74.29827807601782
Satna,95.98,110.9,"Satna, Madhya Pradesh, India",24.5,81.0
Sawai Madhopur,94.74,109.63,"Sawāi Mādhopur, Sawai Madhopur District, Rajasthan, 322201, India",26.5,76.75
Sehore,94.1,108.87,"Sehore, Madhya Pradesh, India",23.1156882,77.06623939176504
Senapati,88.0,102.16,"Senapati, Manipur, India",25.380439600000003,94.0569854178655
Seoni,95.56,110.44,"Seoni, Madhya Pradesh, India",22.275878900000002,79.721044651047
Tripura,88.71,99.79,"Tripura, India",23.7750823,91.7025091
Serchhip,82.86,96.49,"Serchhip, Mizoram, India",23.385892300000002,92.930598908176
Sewan,95.17,108.46,"Sewan, Kolaras Tahsil, Shivpuri, Madhya Pradesh, India",25.0655029,77.4252891
Shahdol,96.37,111.32,"Shahdol, Madhya Pradesh, India",23.3002343,81.364771
Shahjahanpur,89.72,96.53,"Shahjahanpur, Uttar Pradesh, India",27.912633149999998,79.74656294869826
Shajapur,94.47,109.27,"Shajapur, Madhya Pradesh, India",23.37074105,76.62051527475785
Shamli,89.97,96.8,"Shamli, Uttar Pradesh, India",29.5008816,77.34838258540861
Shahid Bhagat Singh Nagar,87.99,97.64,"Shahid Bhagat Singh Park, Raj Nagar II, Palam, Dwarka Tehsil, South West Delhi, Delhi, India",28.59474195,77.08914329247114
Sheikhpura,95.27,108.56,"Sheikhpura, Bihar, India",25.12635425,85.81510620944194
Sheohar,95.25,108.56,"Sheohar, Bihar, 843329, India",26.49436945,85.27280559513997
Sheopur,96.06,111.0,"Sheopur, Sheopur Tahsil, Sheopur, Madhya Pradesh, 476337, India",25.6656611,76.6954843
Shimla,86.3,97.24,"Shimla, Shimla (urban), Shimla district, Himachal Pradesh, 171001, India",31.1041526,77.1709729
Shimoga,88.45,102.62,"Shivamogga, Shivamogga taluk, Shimoga District, Karnataka, 577200, India",13.9326093,75.574978
Shivpuri,95.18,110.04,"Shivpuri, Madhya Pradesh, India",25.37524125,77.82811932629714
Shopian,86.59,101.55,"Shopian, Shopian District, Jammu and Kashmir, India",33.718807,74.8333311
Shravasti,90.19,96.99,"Sravasti, Ikauna, Sharawasti, Uttar Pradesh, India",27.5083429,82.0263569
Sibsagar,89.75,98.24,"Sibsagar, Sivasagar, Assam, India",26.96388985,94.58213344568205
Siddipet,97.63,109.47,"Siddipet, Telangana, India",18.005585099999998,78.89611304969961
Siddharthnagar,90.86,97.7,"U.P Jal Nigam Siddharthnagar, NH28;NH730, Naugarh, Siddharth Nagar, Uttar Pradesh, 272203, India",27.2746265,83.0678751
Sidhi,95.51,110.35,"Sidhi, Madhya Pradesh, India",24.25,82.0
Sikar,94.27,109.09,"Sikar District, Rajasthan, India",27.66241555,75.02799709983499
Silvassa,89.98,94.43,"Silvassa, Nagar Haveli, Dadra and Nagar Haveli, Dadra and Nagar Haveli and Daman and Diu, 396230, India",20.2736768,73.0045787
Simdega,95.62,100.81,"Simdega, Jharkhand, India",22.6664325,84.5502679119221
Sindhudurg,94.34,107.86,"Sindhudurg, Maharashtra, India",16.135719299999998,73.65220860183584
Singrauli,94.03,108.74,"Singrauli, Singrauli Tahsil, Singrauli, Madhya Pradesh, 486889, India",24.1974432,82.6661453
Sirmaur,85.9,96.7,"Sirmaur, Himachal Pradesh, India",30.75,77.5
Sirohi,94.94,109.82,"Sirohi, Sirohi District, Rajasthan, 307001, India",24.833333,72.75
Sirsa,90.89,98.07,"Sirsa, Haryana, India",29.583333,75.083333
Sitamarhi,95.14,108.44,"Sītāmarhi, Sitamarhi, Bihar, India",26.666667,85.5
Sitapur,90.4,97.23,"Sitapur, Uttar Pradesh, India",27.5046392,80.82946583420815
Sivaganga,95.2,103.57,"Sivaganga, Sivagangai District, Tamil Nadu, India",9.851231,78.53047154820717
Solan,84.56,95.26,"Solan, Himachal Pradesh, India",30.92589585,77.08200509063624
Solapur,93.49,106.99,"Solapur, Maharashtra, India",17.84990665,75.27632027348457
Sonapur,96.21,104.68,"Sonapur, Odisha, 767017, India",20.8466301,83.82393679256941
Sonbhadra,90.7,97.52,"Sonbhadra, Uttar Pradesh, India",24.38657525,83.07863061278505
Sonipat,89.74,96.88,"Sonipat, Haryana, 131001, India",28.9953758,77.0233627
Sonitpur,88.75,97.2,"Sonitpur, Assam, India",26.767770749999997,92.70140885850532
South 24 Parganas,92.76,106.03,"South 24 Parganas, West Bengal, India",22.1815262,88.54843766912074
South Andaman,79.74,84.1,"South Andaman, Wimberleyganj, Ferrargunj, South Andaman District, Andaman and Nicobar Islands, India",11.7232031,92.7011101945954
South Delhi,89.62,96.72,"South Delhi, Delhi, India",28.485169399999997,77.19636520348229
South District,89.9,102.85,"South District, South Sikkim District, Sikkim, 737139, India",27.333333,88.416667
South East Delhi,89.62,96.72,"South East Delhi, Delhi, India",28.5444411,77.27287301731174
South Garo Hills,85.25,96.74,"South Garo Hills, Meghalaya, India",25.347969,90.56577725964563
South Goa,89.68,97.11,"South Goa, Goa, India",15.21961365,74.1152813019196
South Tripura,89.27,100.38,"South Tripura, Gomati, Tripura, India",23.5,91.666667
South West Delhi,89.62,96.72,"South West Delhi, Delhi, India",28.58644805,76.97915298462692
South West Khasi Hills,85.38,96.87,"South West Khasi Hills, Meghalaya, India",25.330722100000003,91.32645013786319
Srikakulam,99.53,111.84,"Srikakulam, Andhra Pradesh, India",18.32002205,83.91607719937166
Srinagar,86.97,101.98,"Srinagar, Srinagar (South), Srinagar District, Jammu and Kashmir, 190008, India",34.0747444,74.8204443
Sukma,99.17,106.25,"Sukma, Chhattisgarh, India",18.26654225,81.29252341475065
Sultanpur,91.14,97.98,"Sultanpur, Uttar Pradesh, India",26.242510850000002,82.29616931685918
Sundargarh,96.31,104.78,"Sundargarh, Odisha, India",22.13327195,83.97965279931319
Supaul,95.55,108.88,"Supaul, Bihar, India",26.2768118,86.79658662614811
Surajpur,96.67,103.7,"Surajpur, Chhattisgarh, India",23.357776899999998,82.97612766699449
Surat,92.4,96.63,"Surat, Gujarat, India",21.19177615,72.9544157804841
Surendranagar,92.92,97.15,"Surendranagar, Surendranagar District, Gujarat, 363035, India",22.75,71.666667
Surguja,96.57,103.59,"Surguja, Surajpur, Chhattisgarh, India",23.25,83.0
Suryapet,97.22,109.04,"Suryapet, Telangana, India",17.08001385,79.7925329742427
Tamenglong,88.42,102.62,"Tamenglong, Manipur, India",24.935401300000002,93.56791112289724
Tapi,92.75,96.99,"Tapi, India",21.1787195,75.44245
Tarn Taran,88.09,97.75,"Jawahar Navodaya Vidyalaya, Tarn Taran, ODR10, Khakh, Khadur Sahib Tahsil, Tarn Taran District, Punjab, 143422, India",31.351007,75.1501011
Tawang,86.91,98.26,"Tawang, Tawang Circle, Tawang district, Arunachal Pradesh, India",27.5879186,91.863733
Tehri Garhwal,91.38,96.45,"Tehri-Garhwal, Tehri Garhwal, Uttarakhand, 249125, India",30.5,78.666667
Tengnoupal,87.97,102.12,"Tengnoupal, Manipur, 795131, India",24.31392145,94.23756082375633
Teni,95.41,103.79,"Theni, Theni District, Tamil Nadu, India",10.0108143,77.4810104
Thane,92.47,105.97,"Thane, Maharashtra, India",19.1943294,72.9701779
Thanjavur,94.88,103.25,"Thanjavur, Thanjavur District, Tamil Nadu, 613001, India",10.7860267,79.1381497
The Dangs,93.01,97.25,"The Dangs, Gujarat, India",20.788171849999998,73.70920325426432
Thiruvananthapuram,98.53,109.73,"Thiruvananthapuram, Kerala, 695001, India",8.4882267,76.947551
Thiruvarur,95.42,103.8,"Thiruvarur, Thiruvarur District, Tamil Nadu, India",10.73618605,79.63318659437627
Thoubal,87.29,101.37,"Thoubal, Manipur, India",24.624587,94.04247928402684
Thrissur,97.09,108.2,"Thrissur, Kerala, 680001, India",10.5256264,76.2132542
Tikamgarh,94.64,109.47,"Tikamgarh, Madhya Pradesh, India",24.855778049999998,79.04706346996252
Tinsukia,88.51,96.98,"Tinsukia, Tinsukia District, Assam, India",27.52016575,95.5306347312879
Tirap,84.52,95.34,"Tirap, Arunachal Pradesh, India",27.03016895,95.49791754505583
Tiruchchirappalli,95.04,103.41,"Tiruchchirāppalli, Tiruchirappalli District, Tamil Nadu, 620010, India",10.8067917,78.7039861
Tirunelveli,94.6,102.95,"Tirunelveli, Palayamkottai, Tirunelveli District, Tamil Nadu, 627001, India",8.722388,77.710247
Tirupur,94.78,103.17,"Vasan Eye Care Hospital, Tirupur, Tirupur - Perumanallur - Kunnathur - Perunthurai Road, Angeripalayam, Pitchampalayam, Coimbatore North, Tiruppur District, Tamil Nadu, 641602, India",11.127834,77.3415747
Tiruvallur,94.4,102.81,"Tiruvallur, Thiruvallur, Thiruvallur District, Tamil Nadu, 602001, India",13.1394221,79.9070839
Tiruvannamalai,95.12,103.54,"Tiruvannamalai, Tiruvanamalai District, Tamil Nadu, India",12.22713775,79.07012882091152
Tonk,94.05,108.86,"Tonk, Tonk District, Rajasthan, India",26.1647019,75.576596
Tuensang,89.91,102.04,"Tuensang, Nagaland, India",26.168505500000002,94.85819821659115
Tumkur,88.36,102.45,"Tumakuru, Tumkur taluk, Tumkur district, Karnataka, 572101, India",13.3400771,77.1006208
Tuticorin,94.6,102.97,"Thoothukudi, Thoothukkudi, Thoothukkudi District, Tamil Nadu, 628001, India",8.8052602,78.1452745
Udaipur,94.13,108.92,"Udaipur, Girwa Tehsil, Udaipur District, Rajasthan, 313001, India",24.578721,73.6862571
Udalguri,89.25,97.73,"Udalguri, Udalguri tehsil, Udalguri district, Assam, 784509, India",26.7503815,92.0977245
Udham Singh Nagar,89.97,94.85,"Udham Singh Nagar, Uttarakhand, India",29.048098799999998,79.4313133223357
Udhampur,84.45,99.09,"Udhampur, Udhampur District, Jammu and Kashmir, India",33.0,75.166667
Udupi,87.54,101.59,"Udupi, Udupi taluku, Udupi district, Karnataka, 576101, India",13.3419169,74.7473232
Ujjain,94.25,109.01,"Ujjain, Ujjain NagarTahsil, Ujjain, Madhya Pradesh, 456001, India",23.1885131,75.7716562
Ukhrul,87.81,101.94,"Ukhrul, Ukhrul district, Manipur, India",25.0982654,94.363167
Umaria,95.81,110.71,"Umaria, Madhya Pradesh, India",23.64319305,80.94239522009255
Una,84.09,94.76,"Una, Himachal Pradesh, India",31.583333,76.25
Unakoti,87.09,98.04,"Unakoti, Panisagar, North Tripura, Tripura, India",24.3167458,92.06650224339185
Unnao,89.96,96.78,"Unnao, Uttar Pradesh, India",26.57550365,80.61376177782856
Upper Siang,85.06,95.83,"Upper Siang, Arunachal Pradesh, India",28.73120455,95.03773151350946
Upper Subansiri,85.0,95.78,"Upper Subansiri, Arunachal Pradesh, India",28.3,94.0
Uttar Dinajpur,93.23,106.54,"Uttar Dinajpur, West Bengal, India",25.8707958,87.96259728449391
Uttara Kannada,88.76,102.94,"Uttara Kannada, Uttara Kannada district, Karnataka, 581337, India",14.883333,74.583333
Uttarkashi,91.51,96.62,"Uttarkashi, Bhatwari, Uttarkashi district, Uttarakhand, 249193, India",30.7291049,78.4403495
Vadodara,91.82,96.08,"Vadodara, Vadodara Taluka, Vadodara District, Gujarat, 390001, India",22.2973142,73.1942567
Vaishali,94.09,107.3,"Vaishali, Bihar, 847128, India",25.95322565,85.14457760191539
Valsad,93.15,97.39,"Valsad, Gujarat, India",20.43219565,73.14098929730321
Varanasi,90.08,96.89,"Varanasi, Sadar, Varanasi, Uttar Pradesh, 221001, India",25.3356491,83.0076292
Vellore,95.52,103.95,"Vellore, Vellore District, Tamil Nadu, India",12.7948109,79.0006410968549
Vidisha,93.89,108.66,"Vidisha, MD3010, Vidisha, Vidisha NagarTahsil, Vidisha, Madhya Pradesh, 464001, India",23.5225788,77.8148001
Vikarabad,98.88,110.79,"Vikarabad, Telangana, India",17.2702855,77.74529700637382
Viluppuram,95.73,104.17,"Viluppuram, Viluppuram District, Tamil Nadu, India",11.9137874,79.50789297228474
Virudhunagar,95.4,103.76,"Virudhunagar, Virudhunagar District, Tamil Nadu, India",9.5208936,77.8784563961865
Visakhapatnam,98.27,110.48,"Visakhapatnam, Visakhapatnam (Urban), Visakhapatnam, Andhra Pradesh, 530001, India",17.7231276,83.3012842
Vizianagaram,99.57,111.88,"Vizianagaram, Andhra Pradesh, India",18.1120819,83.4052196224888
Wanaparthy,99.12,111.05,"Wanaparthy, Telangana, India",16.285294399999998,77.98644727021286
Warangal,97.29,109.1,"Warangal, Warangal mandal, Hanumakonda district, Telangana, 506002, India",17.9820644,79.5970954
Warangal Rural,97.5,109.32,"ESI Hospital,Warangal, Narsampet Rd-warangal rd, Khila Warangal mandal, Hanumakonda district, Telangana, 506013, India",17.9693445,79.6258742
Wardha,93.52,107.01,"Wardha, Maharashtra, India",20.82562315,78.61314549522919
Washim,93.59,107.07,"Washim, Maharashtra, India",20.287417750000003,77.23696550258964
Wayanad,97.84,109.05,"Wayanad, Kerala, India",11.71512915,76.12711850740615
West Champaran,95.82,109.15,"Shivam Hospital, West Champaran, NH139W, Nautan, Pashchim Champaran, Bihar, 845459, India",26.6919717,84.5796928
West Delhi,89.62,96.72,"West Delhi, Delhi, India",28.6479519,77.08556541088615
West District,89.9,102.85,"Othayammadam Kshethra Kulam, West, Cherukunnu, Kalliasseri Block, Kannur, Kannur district, Kerala, India",11.9979015,75.3033204451389
West Garo Hills,84.86,96.34,"West Garo Hills, Meghalaya, India",25.606314249999997,90.21139055037469
West Godavari,99.36,111.62,"West Godavari, Andhra Pradesh, India",16.63713765,81.58909665667748
West Imphal,87.13,101.19,"Imphal West, Manipur, India",24.757326,93.85847858025147
West Kameng,85.33,96.54,"West Kameng, West Kameng district, Arunachal Pradesh, India",27.4,92.35
West Karbi Anglong,90.0,98.48,"West Karbi Anglong, Assam, India",25.85291415,92.58756812404593
West Khasi Hills,85.61,97.34,"West Khasi Hills, Meghalaya, 793119, India",25.5814429,91.08510943564022
West Siang,84.84,95.82,"West Siang, Siang district, Arunachal Pradesh, India",28.4,94.55
West Singhbhum,95.92,101.13,"Surya Clinic, West Singhbhum, NH320D, Tikarchāpi, Chakradharpur, Pashchimi Singhbhum, Jharkhand, 833217, India",22.6815306,85.6087303
West Tripura,88.44,99.49,"West Tripura, Tripura, India",23.916667,91.5
Wokha,88.32,100.3,"Wokha, Nagaland, India",26.166667,94.25
Yadadri Bhuvanagiri,98.0,109.87,"Yadadri Bhuvanagiri, Telangana, India",17.42819665,79.09049097612106
Yadgir,88.25,102.31,"Yadgir, Yadagiri taluku, Yadagiri district, Karnataka, 585200, India",16.7670964,77.1403984
Yamunanagar,90.11,97.26,"Yamunanagar, Haryana, India",30.2112003,77.28638972360895
Yanam,86.59,96.82,"Yanam, Yanam Taluk, Yanam District, Puducherry, 533464, India",16.7333666,82.2145164
Yavatmal,93.8,107.29,"Yavatmal, Maharashtra, India",20.3270469,78.1186870440679
Zunheboto,89.18,101.32,"Zunheboto, Nagaland, 798620, India",26.0,94.5
